id	x	y
0	11.708568	-1.18579
1	21.834	0.009704224
2	15.366102	1.9954059
3	-16.907007	27.092958
4	-15.078353	-19.370955
5	-8.0902605	25.052732
6	26.863213	2.8402433
7	19.318365	16.345692
8	-8.472342	-38.918312
9	-36.531136	-20.880531
10	17.614449	21.128897
11	-22.114956	15.722385
12	-7.8710237	-22.043018
13	-4.4254827	-10.201788
14	6.3171544	-10.860426
15	9.954415	17.917387
16	2.903959	-11.9222
17	-22.41717	-17.755476
18	-43.85098	-2.9994004
19	-37.601833	-7.7577715
20	-11.418049	9.006699
21	-11.562698	-14.0753565
22	-12.074423	8.974411
23	-10.3317585	5.570845
24	-28.618294	-29.385809
25	-14.03317	-26.729132
26	-19.896261	-6.6930337
27	-26.492922	-36.14338
28	29.532728	-8.795839
29	22.145193	15.3434105
30	1.1914755	-35.815964
31	-20.325333	-6.6170535
32	-5.933746	-33.585026
33	-15.320124	-32.73144
34	-28.84429	-16.847939
35	-10.582345	21.766788
36	-14.603042	-21.54742
37	3.484426	-0.36923197
38	23.972147	-13.733297
39	9.173791	16.152811
40	2.86591	-20.194649
41	14.76256	17.76258
42	14.070852	37.659714
43	-11.062797	-10.821026
44	-15.791725	-23.71941
45	-22.239048	-3.340581
46	38.025833	33.697304
47	-2.4264975	-15.243073
48	18.02665	-37.236973
49	41.33833	3.812496
50	-0.47767064	1.2299237
51	25.510933	15.699264
52	-17.917591	-10.84991
53	-3.3614967	15.872037
54	-16.646757	-33.680405
55	-2.858648	20.774117
56	-5.437539	14.34332
57	-21.8095	-19.969563
58	-0.144877	16.903362
59	20.027817	24.639141
60	-20.948568	-21.19958
61	8.07178	7.359446
62	-17.57268	-31.291954
63	-34.15814	-3.7275765
64	-27.034298	-30.917356
65	28.546349	28.681765
66	17.289488	23.56211
67	26.558838	28.331385
68	0.055627313	-25.470001
69	33.53181	7.4842696
70	6.697721	14.801093
71	-3.0175178	34.342876
72	-27.046793	-22.9111
73	18.84452	14.358979
74	-25.488604	-10.451691
75	19.77545	-35.83505
76	1.2960223	14.218663
77	6.707432	-26.246271
78	28.546854	8.76278
79	1.115212	3.2025826
80	-43.252098	-12.454356
81	-36.130745	-23.626413
82	-23.404556	1.7410077
83	42.21367	26.922007
84	-22.301598	-23.564783
85	-25.09039	-20.617662
86	6.271868	-19.296219
87	14.935119	-8.996349
88	-27.020056	-20.67249
89	34.91014	25.153708
90	-38.40796	-17.516165
91	0.41357708	-24.872963
92	-32.158085	-1.2255205
93	30.362926	-20.513092
94	33.810066	24.801985
95	6.346004	46.371525
96	-32.520084	4.1155324
97	8.551477	-31.784092
98	-19.501474	-16.208702
99	4.6265817	-22.555328
100	3.6835515	-10.754744
101	4.8298345	-12.965549
102	44.54662	9.016398
103	4.736253	26.455511
104	12.941683	45.859074
105	4.6926494	-26.220966
106	-18.618446	-28.647537
107	29.515635	4.0375376
108	-20.184702	-26.029253
109	-12.829813	27.254354
110	8.307018	-13.390517
111	22.70043	-17.37711
112	-25.024063	-12.267695
113	2.0977323	2.2111483
114	6.699948	4.232771
115	-1.6038986	22.684456
116	-19.38669	-33.154335
117	-6.4608088	23.687893
118	-21.362427	-19.051651
119	37.107166	32.063614
120	3.61205	37.301025
121	-12.235643	15.435122
122	33.11863	-7.2170377
123	-10.989764	-45.440372
124	11.066686	13.886212
125	-6.4499083	18.011261
126	-6.8837395	-29.08732
127	14.38362	-14.150542
128	-3.8366861	13.891723
129	-28.729147	-4.3191814
130	15.449747	-33.32134
131	-14.837433	-8.863929
132	-24.645277	-21.808039
133	-13.460117	5.850308
134	-10.456634	-17.356983
135	-29.143759	-28.662313
136	13.353164	18.237207
137	16.270018	20.506178
138	5.993721	21.691406
139	10.680671	4.8751626
140	-38.20221	-11.368752
141	-10.837417	-7.0401845
142	-32.55824	-6.675303
143	37.748993	-21.26917
144	32.59399	19.665977
145	-17.214832	-9.709202
146	8.765962	11.896553
147	1.588966	7.5715213
148	-2.932212	17.865969
149	3.7876596	15.918024
150	-15.721957	21.946444
151	15.132057	-2.0892732
152	-15.8295555	-27.69827
153	8.453412	-3.2047353
154	-35.18404	-13.509135
155	-6.5593863	-15.108479
156	15.317949	37.96687
157	-1.5041187	-29.604513
158	-5.1425614	12.386536
159	15.310225	-12.432076
160	11.823359	11.771639
161	10.566111	12.52965
162	33.90248	-2.071911
163	13.744589	2.5513592
164	-7.6581955	13.384689
165	16.998741	13.17943
166	38.009438	32.758488
167	-16.382002	-22.066488
168	-16.007082	-6.2495317
169	-5.281088	7.866679
170	-7.5325336	41.950596
171	4.677121	-24.055038
172	-35.28086	-15.721636
173	19.05578	2.837921
174	6.360135	-11.505919
175	-25.806614	-17.940027
176	-12.277985	9.516439
177	25.695858	26.383308
178	-6.611006	4.785454
179	28.63919	-27.201693
180	20.28029	-10.616576
181	15.785735	23.137018
182	29.60841	-11.088885
183	-11.627238	-14.078288
184	11.712032	-8.230312
185	-24.268858	-29.798626
186	-11.745104	-45.409653
187	-12.538525	-34.389145
188	-21.322205	33.961487
189	-11.345012	0.53399855
190	-2.005904	-11.494274
191	-33.16072	-10.149054
192	3.5015743	3.2114823
193	19.212856	21.010109
194	14.94383	4.067655
195	11.657603	10.077173
196	7.240001	26.893988
197	-0.09959463	-19.214703
198	-16.49134	-37.78589
199	36.715157	10.780128
200	19.953583	19.469465
201	-0.65478975	30.830265
202	1.1114132	25.063686
203	-27.758385	-35.071327
204	-37.08036	23.65766
205	-43.122128	-3.5785275
206	-12.550607	-29.46496
207	-21.230255	-14.195801
208	-17.953136	20.413204
209	-23.098406	-18.081072
210	28.122938	-27.512518
211	-22.659874	-25.634466
212	34.99893	25.186312
213	-4.1826487	-40.7399
214	-11.41029	25.493689
215	14.673724	6.6122766
216	-36.00073	1.4625924
217	1.0043381	-8.373177
218	-7.567228	2.7696211
219	-13.583083	-2.4589303
220	22.131157	15.389079
221	-21.960426	-28.883106
222	18.634413	28.273628
223	-15.7007	-29.426605
224	-41.450768	6.3638477
225	32.01225	10.603685
226	33.162518	2.5693572
227	-12.732845	-26.13958
228	9.966781	-20.464478
229	-6.3182926	22.263065
230	-14.527797	3.2454493
231	2.4717171	-31.09454
232	-24.300962	-24.60813
233	-29.747242	-14.721014
234	3.398269	-11.577229
235	-20.364395	-36.961193
236	-2.7215915	-1.6656592
237	-2.3051083	-5.6629825
238	2.0609052	13.435193
239	-14.192755	-28.175646
240	-25.551497	-5.5030007
241	19.671965	-36.24793
242	-24.149834	-27.30583
243	-26.114243	-28.314287
244	26.219143	36.00686
245	-3.011141	35.80711
246	19.310007	-20.535803
247	-26.03857	-24.41269
248	-4.063706	13.50517
249	-4.9364777	-2.258575
250	12.914154	3.193067
251	8.749321	32.377422
252	-6.916514	31.160904
253	21.46368	-35.765945
254	-14.053334	10.605757
255	6.311374	22.20385
256	-8.671996	-2.7309034
257	0.31310505	23.050545
258	41.673363	1.9425507
259	8.639829	-5.9541435
260	15.426943	9.405734
261	28.525703	16.868076
262	-16.23022	-18.06836
263	-6.644664	-21.207024
264	-11.282696	-7.250952
265	24.131866	18.486689
266	15.731781	-4.4513173
267	13.542673	33.866867
268	4.1283383	9.373006
269	-3.999184	-7.3670993
270	4.4026947	17.17692
271	3.9383295	13.741148
272	-24.516539	-18.098421
273	-25.808102	-17.886887
274	11.356496	-18.532362
275	-24.47325	-11.797839
276	7.79414	9.0689745
277	17.912647	-5.4758625
278	14.152564	37.814804
279	24.689997	24.624914
280	13.990377	-7.639058
281	13.636538	11.85601
282	-13.937881	-38.54608
283	-34.681683	4.1661444
284	-8.969844	1.3441354
285	-13.732859	-26.055851
286	-11.670967	-27.94468
287	-9.079206	10.604645
288	-25.50296	-36.067886
289	28.698051	-13.8375225
290	-8.622446	-25.60177
291	13.577739	12.388975
292	41.824013	27.404673
293	7.9511757	19.950825
294	-19.464153	-33.458576
295	3.281385	24.789438
296	23.64861	-3.7067323
297	5.201214	-8.237057
298	15.923423	-25.151512
299	10.60162	-7.5718365
300	12.567132	-5.8597007
301	-37.633015	13.862943
302	-19.081814	-31.978006
303	9.435511	20.917912
304	-2.3872092	3.0471027
305	-7.421117	28.171818
306	-6.2444324	-35.447002
307	-8.076555	17.911453
308	8.284358	-30.106445
309	-20.03004	-5.666857
310	-7.341038	7.0510855
311	22.967953	4.123729
312	-22.84897	-4.0921216
313	28.525253	-10.582925
314	29.534233	25.646906
315	15.05018	24.519003
316	-2.5458598	-4.010549
317	8.24736	16.06068
318	19.305744	-20.506084
319	10.167629	-27.160246
320	19.75572	-35.86755
321	-0.87525654	-10.86667
322	10.093451	27.415
323	13.310803	20.397207
324	-21.261227	-37.08052
325	10.638079	-4.0707135
326	16.800207	2.3469288
327	6.422111	20.377052
328	-21.206448	-15.59942
329	-20.271374	1.0584165
330	14.256372	1.533605
331	-35.688553	-13.823807
332	-28.12825	-0.5516088
333	-7.1097193	-28.415667
334	0.4241289	12.810968
335	-28.47492	-25.461374
336	16.27016	-19.909006
337	13.9570265	15.715424
338	11.968359	28.557798
339	27.820986	-2.448729
340	-18.518583	-1.5549884
341	5.7235436	33.358788
342	15.63111	-30.715782
343	26.086569	36.21474
344	-10.946598	-4.07511
345	-24.663162	-19.969599
346	-17.68557	23.425896
347	-0.8933755	-4.9923587
348	38.417294	-6.5029044
349	19.23771	-34.65464
350	-17.741184	-17.769043
351	-10.566043	27.836485
352	33.564693	-14.7181635
353	5.4144897	19.584547
354	-21.570978	9.668736
355	32.45473	3.4229403
356	-15.811888	5.284406
357	15.8580065	14.332713
358	18.35112	-13.169425
359	3.7311442	1.0146216
360	21.526787	31.067272
361	-2.846601	14.734264
362	-4.606533	0.66038823
363	8.110401	0.97387314
364	-10.4664755	0.52329993
365	40.38608	29.456987
366	34.410107	13.339985
367	-13.062705	-1.7522155
368	24.084593	-28.128761
369	16.22432	14.011835
370	-28.92782	-3.5106227
371	-16.754225	-31.53805
372	-8.023326	23.765995
373	-5.249483	-16.66373
374	-11.878121	12.296944
375	44.207077	0.42757916
376	13.833357	37.449078
377	-21.45314	-17.26725
378	8.15964	7.35558
379	13.457697	0.68191886
380	-12.575364	12.842895
381	12.950593	34.921146
382	-2.5976	10.536806
383	-26.768122	2.0189316
384	-43.83681	-3.0157864
385	-17.119291	-19.974176
386	12.314355	36.157116
387	41.047703	0.89915705
388	18.354057	10.431551
389	-7.31702	-15.713736
390	-18.220146	6.050258
391	2.454155	43.67597
392	20.523964	35.438683
393	-25.926786	-13.044499
394	20.480034	1.6089092
395	37.291603	33.588684
396	8.525885	-7.2086926
397	-12.276388	-24.749847
398	-23.107937	-6.457562
399	-21.980934	2.9509873
400	-16.225462	-2.3905284
401	-26.614223	28.586094
402	9.338387	1.7969078
403	3.3796165	10.722314
404	-10.95766	-1.1764184
405	-7.2442575	-12.056171
406	-6.9394145	33.876213
407	-36.765667	-21.779686
408	38.334324	31.544088
409	-25.017956	-0.8935736
410	18.445677	7.2153945
411	32.05332	16.026398
412	-1.0429924	8.006529
413	9.853478	-19.89752
414	36.299408	-8.523557
415	-21.867641	-28.845537
416	14.820704	17.374632
417	-17.437841	-26.756577
418	-24.307247	-15.00987
419	5.627227	4.331875
420	4.5177274	-2.2648027
421	-12.075848	0.14329284
422	6.3799906	11.496693
423	-22.060009	11.897756
424	10.456905	-13.005963
425	-12.415155	6.7839146
426	-3.4433827	5.099857
427	-16.769278	15.487056
428	11.002635	-5.8575206
429	-24.032276	-19.252022
430	-7.768888	15.636412
431	9.498649	-18.4763
432	-6.3968115	26.491692
433	-14.043248	-22.480154
434	11.736365	-14.017363
435	20.988546	-15.375197
436	16.228903	21.945814
437	20.156765	7.411974
438	-6.697243	0.030435126
439	33.045555	5.7880344
440	-26.069004	-19.548983
441	-11.3080635	-31.428642
442	3.9563026	-22.25349
443	6.1802044	-4.375448
444	-32.048183	-13.5631485
445	12.011539	-8.963108
446	-29.456684	-30.071688
447	-24.66955	-16.982841
448	32.919743	32.79557
449	-19.00179	0.46053872
450	-31.469528	-19.217531
451	6.3462944	46.374004
452	11.092821	21.02578
453	8.59534	25.77912
454	44.189297	17.340233
455	0.34014294	-1.097852
456	-7.1782846	17.680906
457	-16.308712	-1.5356658
458	26.914062	18.03683
459	22.827442	-34.84308
460	5.7432747	34.798958
461	8.978949	-5.5644274
462	27.526829	26.423784
463	-9.565275	21.28153
464	-9.726489	7.455676
465	17.526884	-25.484838
466	2.6454039	16.944078
467	26.144814	-1.4234141
468	-28.780222	9.36446
469	-21.00646	1.1634283
470	12.989837	8.26435
471	-31.352201	-23.525208
472	-23.770342	6.2186747
473	-10.40236	-27.735771
474	-16.656206	-33.683456
475	-3.5488768	25.502213
476	6.239437	40.252472
477	-27.61661	-35.28545
478	-13.502849	-4.922648
479	3.3105133	10.760496
480	16.472755	1.2856013
481	17.697807	8.66418
482	19.5548	5.944945
483	30.135347	1.2987572
484	-5.079974	-9.996169
485	-18.344988	-1.3121171
486	21.906963	9.187746
487	-4.551698	19.124794
488	-6.789937	13.26138
489	-19.22742	-21.816021
490	37.265965	2.6739893
491	-20.191772	-26.042604
492	-34.570568	-21.647493
493	-19.03468	-23.857014
494	6.2043953	25.170424
495	11.764252	19.588478
496	-17.383995	-13.791914
497	0.103349894	-9.937265
498	-4.0609326	-23.929928
499	-14.911352	-29.090364
500	25.89632	9.442977
501	20.31813	-2.7947564
502	-0.20168729	4.513186
503	-15.634333	18.351675
504	-26.61368	28.586527
505	-12.560038	-30.328812
506	-2.2627058	28.052097
507	2.721703	16.450321
508	39.205967	-5.7394176
509	10.254046	36.038303
510	27.526072	-9.007074
511	-25.086514	-2.9525685
512	7.1222115	1.7619067
513	-30.135506	11.543262
514	-23.742609	6.250633
515	-13.546572	17.809225
516	10.632777	16.402239
517	29.71693	12.951846
518	0.7429839	9.944166
519	-18.706419	-2.6327477
520	5.68232	31.639112
521	-23.065199	-16.04042
522	11.705131	16.93814
523	13.508145	5.347198
524	14.166341	19.721367
525	19.09254	22.246264
526	-4.913347	3.3177547
527	-17.25766	-6.684066
528	-13.058652	16.005373
529	-25.163427	-24.002169
530	26.000189	-6.598426
531	21.29306	-34.9315
532	10.464952	19.2941
533	16.460949	18.709347
534	6.05332	-4.2217064
535	-1.1123208	-19.99351
536	40.295746	2.7164698
537	-37.94091	-16.693016
538	-12.237976	26.345488
539	2.5751548	9.231455
540	27.576448	24.143524
541	22.933754	-18.520327
542	-18.82241	-20.850153
543	-27.403181	-15.180247
544	-11.9572735	12.308004
545	8.305869	-31.681126
546	39.323574	14.02388
547	6.96345	10.933189
548	21.061354	30.307926
549	31.389448	12.594207
550	-16.64751	-4.605672
551	8.893625	-6.389874
552	27.030092	-3.6954007
553	5.4466815	7.4094343
554	-41.06149	7.1316586
555	20.634352	5.1156907
556	-4.375053	3.4256556
557	-39.97246	-17.868582
558	-23.07178	8.790398
559	-1.4606206	31.553455
560	4.076258	-19.38038
561	40.21714	11.352198
562	9.174107	2.102686
563	-31.065283	11.48061
564	1.285842	32.054653
565	-7.522061	-1.9747521
566	11.297761	-17.024036
567	-8.713654	-15.166435
568	26.77698	21.28248
569	14.52661	17.017694
570	8.047	22.941265
571	-4.8266673	-1.6765013
572	9.379635	-26.66968
573	-0.7625157	11.498387
574	28.331316	26.892925
575	-12.348832	23.035767
576	-19.91428	-22.204727
577	-19.797428	1.0922095
578	-19.56	5.995625
579	-11.425702	-23.30457
580	19.762657	-5.9618444
581	16.264381	25.231823
582	-1.7806395	9.047107
583	20.125662	24.707054
584	0.87728083	21.42561
585	-1.5747412	-6.738061
586	-3.5580773	24.219221
587	18.761856	18.978476
588	-35.965496	1.5717636
589	24.299606	-29.352297
590	8.683255	17.942896
591	-0.7348258	20.971869
592	-9.342677	-17.58639
593	39.4098	12.55621
594	19.658695	9.327184
595	2.5103807	-31.075024
596	10.364554	25.217001
597	35.911682	21.06251
598	7.122599	-8.559371
599	0.35111657	-18.743647
600	39.411324	12.552883
601	18.022005	-7.294254
602	-30.698917	-26.405373
603	17.542627	-10.364566
604	7.098523	-5.9273386
605	-2.883302	0.6388103
606	-0.85093963	3.7345002
607	1.8285304	32.100986
608	-0.6542636	-21.052574
609	-1.0095483	-20.221165
610	-26.37186	21.120182
611	-29.153221	-32.205605
612	-24.518494	-22.205019
613	21.931873	0.009751873
614	12.056506	-9.878489
615	-13.616456	-17.499987
616	3.652492	-20.300264
617	14.006426	-13.4357605
618	5.523467	-0.3389922
619	-17.447428	-37.270298
620	23.503984	-8.760354
621	5.3580346	18.830927
622	-10.8615265	-25.990643
623	-33.774822	4.797206
624	-2.008366	-9.470869
625	-32.590145	-10.096257
626	-12.976181	19.330723
627	-7.686282	0.5402911
628	-27.333042	-8.103913
629	-1.0547365	19.183523
630	-14.4489155	-13.119217
631	-37.084316	23.662224
632	-15.07418	-15.832303
633	-21.180044	-10.474445
634	12.523113	23.481112
635	15.920184	6.6468344
636	22.10749	1.6025034
637	5.7461243	34.77047
638	15.549112	18.989302
639	-32.750946	-29.54157
640	23.846931	7.208489
641	37.999813	-7.510293
642	-30.62333	-20.059217
643	-11.31273	1.6649934
644	-6.052018	20.9048
645	-5.583951	9.392932
646	-36.673767	-20.406818
647	12.127731	-14.032369
648	33.326866	7.377223
649	-28.990494	-22.216259
650	-33.82495	-29.019783
651	1.7243453	11.899112
652	-28.014158	-34.730774
653	-11.687636	-1.7499194
654	-7.763808	-21.951519
655	-17.612394	12.864941
656	9.434063	-6.86843
657	12.890371	10.267212
658	-13.977623	7.820517
659	5.9571223	26.971981
660	2.552193	-5.9208226
661	-10.576589	15.947673
662	39.18648	-8.276986
663	25.950655	-21.232561
664	-22.725222	-9.588072
665	12.941329	45.8591
666	-13.555835	-29.752657
667	-1.6947266	16.042812
668	-4.176058	13.995086
669	-18.518932	-10.657221
670	21.901075	6.6312957
671	3.0612683	-23.124546
672	-6.0840664	20.938686
673	-26.114382	-21.306852
674	-17.237461	2.3490932
675	-6.3489814	11.310471
676	-8.515789	9.431763
677	-27.095188	-30.914425
678	22.924126	7.7781954
679	15.066126	14.914689
680	-1.8274262	9.016694
681	23.852325	20.546974
682	-4.6043205	11.142569
683	-41.058273	7.1013823
684	-6.3141294	-4.129746
685	-21.174215	-36.992332
686	5.116127	22.481863
687	-19.676895	-38.050667
688	-4.0425406	-23.934044
689	35.628326	17.146965
690	-18.48894	-19.038832
691	-16.763218	19.38725
692	-12.385998	-24.842928
693	37.77981	32.54233
694	-13.452462	-10.93712
695	-26.36047	-10.526458
696	5.4321203	19.621986
697	9.528845	-10.857849
698	7.810649	24.396725
699	-42.83357	-3.8002946
700	31.576384	8.744903
701	0.9293214	-15.108263
702	16.293932	27.52396
703	-33.94423	-17.906752
704	17.609987	-17.286509
705	-22.28113	-35.888233
706	23.6238	21.040018
707	-12.396067	23.05163
708	-19.742083	-20.227346
709	0.033297982	-36.432297
710	44.191048	17.341555
711	28.141531	42.813217
712	-8.766841	-36.90158
713	12.481619	17.069094
714	-20.897299	27.404446
715	-10.39256	18.753172
716	10.47672	36.00882
717	-6.3854647	-5.999771
718	-21.613892	-32.42072
719	15.8470335	30.841284
720	-33.924862	4.8194056
721	24.909084	-20.859612
722	16.665094	-6.9709415
723	-6.4920416	-7.227821
724	11.788188	30.029139
725	-7.463018	-17.268665
726	14.868211	-9.326155
727	-9.328183	2.344654
728	-16.520718	8.337577
729	3.874156	6.219694
730	-24.049196	-14.438012
731	-10.422749	-10.596503
732	27.132318	-11.102957
733	-18.78553	-29.47826
734	8.414566	25.664642
735	-17.165426	-15.688194
736	-0.9040708	26.0526
737	7.7246213	13.880089
738	-27.778297	-32.936127
739	-6.3990445	-5.609125
740	16.1397	19.776571
741	2.3580163	-3.7102015
742	-28.689793	-18.731367
743	11.512112	-13.824629
744	-5.6463666	-27.160559
745	-3.5910947	24.730848
746	-19.935255	5.927285
747	26.07678	36.226334
748	11.329301	-20.599546
749	-20.719486	-28.270817
750	-4.0984883	-30.80962
751	1.7975277	17.653301
752	-6.4281106	-36.163124
753	1.8284292	13.357025
754	5.765687	16.200428
755	6.2421527	40.24865
756	-4.3383183	13.1076765
757	20.630161	-0.67372954
758	-7.667971	10.799468
759	37.84022	-6.9001913
760	-22.57564	-20.603287
761	-15.169916	-26.761013
762	-7.189437	-12.08728
763	-33.192852	-10.155305
764	-1.3929421	-10.792285
765	20.734026	13.487216
766	-30.893353	-22.104416
767	9.541956	-3.0090184
768	-7.0609074	-29.63245
769	3.25497	21.263348
770	-8.323535	-5.5063086
771	-4.5339136	29.262918
772	-2.2021744	12.117258
773	38.06322	-7.4681025
774	28.442665	6.416522
775	1.9212725	22.926981
776	2.7333543	4.663731
777	28.170849	26.511644
778	42.14121	27.06063
779	-17.625992	-34.925503
780	34.506245	8.341586
781	24.025663	-16.980234
782	18.914507	19.050707
783	3.965746	23.031181
784	9.495821	-10.507333
785	-1.8596483	-11.384041
786	-15.445445	-19.443748
787	-25.9582	-36.844612
788	20.68326	-29.089443
789	-4.550095	-18.397081
790	6.512827	-1.9397329
791	-2.90604	-26.89222
792	5.262711	-21.29698
793	28.933693	-17.14232
794	-10.713893	-21.998835
795	-12.812012	29.450048
796	-15.362492	1.6723201
797	-19.540476	-16.26521
798	-13.522805	-4.8697295
799	-19.578037	-13.733903
800	-34.935284	-10.786038
801	32.599483	19.6637
802	-13.034489	-16.881626
803	-10.283218	18.03621
804	4.473763	4.2029123
805	-11.601007	5.11164
806	-14.659204	14.555254
807	17.136597	16.12544
808	-13.679859	-29.718294
809	18.007416	-2.4409814
810	-5.2446866	5.856413
811	1.3456835	19.664543
812	12.212512	14.698001
813	0.9669667	36.65714
814	11.916778	15.974188
815	-1.818444	-1.5129699
816	-31.221678	16.393047
817	-11.166663	-38.08564
818	7.7341614	-15.549228
819	4.7639217	-25.958378
820	0.46712118	19.832531
821	-34.84618	-35.88447
822	-20.009525	-32.90224
823	19.50918	6.0037246
824	33.324295	7.061518
825	-12.007451	-45.407894
826	13.69202	1.9956806
827	9.8263235	8.783899
828	-4.378183	43.188602
829	33.90326	-2.071471
830	23.308327	3.0040536
831	-2.733763	0.64594597
832	-7.492119	-34.00556
833	-12.8570595	1.5695429
834	28.152067	42.82732
835	18.812035	15.70335
836	15.630212	-24.983881
837	14.672279	23.202751
838	37.74564	-21.277231
839	17.581495	-0.024912568
840	-26.92114	21.055424
841	-28.501682	-12.237264
842	2.0321655	-12.355277
843	-29.26332	-15.193526
844	-2.4034305	-15.247682
845	27.921703	25.58576
846	-36.41513	-18.161724
847	-7.3894706	6.7776403
848	-37.633816	13.856118
849	-37.719128	-22.218977
850	29.467709	20.091446
851	24.023087	-27.953226
852	23.152758	0.94358015
853	23.713623	27.550144
854	-2.5788398	6.3537307
855	-7.5193176	41.955513
856	36.96688	32.183567
857	4.154693	-15.655001
858	-23.443361	-12.624942
859	-1.3891375	-20.484734
860	7.0168815	17.889114
861	12.650617	16.505049
862	5.857253	12.233128
863	27.145267	10.876103
864	-8.979264	11.765936
865	20.886335	-7.1675577
866	-12.227082	26.243011
867	0.6356274	28.451118
868	-4.983068	-13.209664
869	40.84834	2.973204
870	-18.642904	-34.99048
871	-28.559397	-21.538414
872	-19.428942	-6.9240937
873	1.4709337	-2.4312804
874	-23.457306	-31.939968
875	21.687487	-35.133
876	-11.455813	32.566254
877	-11.897268	-38.269512
878	10.557226	-1.434528
879	-18.197304	-23.319382
880	22.818172	11.968758
881	-9.561866	3.4242833
882	-17.508436	-22.522045
883	-26.61808	3.083112
884	20.52376	35.44009
885	25.872398	-0.6933557
886	6.1151786	-13.62252
887	28.605103	8.723063
888	-13.664984	-0.3264206
889	20.949427	18.045038
890	-34.79387	-35.84603
891	-14.232051	-8.696699
892	-11.473627	37.402
893	-7.0983276	8.45743
894	13.593552	-12.204565
895	13.307771	39.816055
896	16.000504	-6.614357
897	-10.39204	-10.566783
898	-4.6091266	-19.193632
899	28.687014	16.505293
900	0.7492939	-8.889054
901	-16.61107	28.547367
902	42.378414	27.241833
903	5.6261897	24.561575
904	-21.471647	-3.677011
905	-11.00319	-29.70758
906	4.3732424	14.044218
907	27.016872	10.8465
908	12.23419	1.2650436
909	33.561203	-14.705658
910	2.8599381	18.736502
911	2.2037995	39.866077
912	18.133446	5.693682
913	4.4970713	29.796494
914	6.4818587	-26.164686
915	18.25943	1.4644784
916	-15.786831	18.050905
917	24.944933	-13.445553
918	6.434094	8.711689
919	13.338119	-3.5668228
920	-1.4851	-4.5008473
921	-27.033567	-17.276289
922	-10.140861	10.535114
923	0.90140265	-15.120646
924	1.4053665	-35.75914
925	1.5728233	0.675654
926	-23.82824	19.693703
927	-9.914544	9.354543
928	6.9442596	17.207348
929	2.1672263	2.1825328
930	10.724587	5.3663344
931	-16.133444	-27.263153
932	-13.939296	-24.501665
933	-20.002195	-18.54321
934	-37.685825	-12.167311
935	10.676711	5.166629
936	24.32217	13.63502
937	-22.56926	-0.26263306
938	1.1404545	-35.868847
939	-13.03222	-27.693827
941	21.676577	-37.09053
942	37.960754	33.339333
943	-5.3224835	1.2194718
944	-22.503841	-19.633913
945	25.849075	11.255471
946	-8.779041	-35.889267
947	-6.297263	21.777687
948	-29.256245	-18.650002
949	-0.17488776	-15.338878
950	-23.646193	-26.887234
951	27.825165	-2.4808404
952	1.5580127	7.1313076
953	-6.6804147	15.88724
954	21.444715	-35.653984
955	-0.5274769	2.3886185
956	13.152923	13.95971
957	-19.421677	2.7939413
958	9.662149	27.979979
959	-28.016415	-20.085844
960	18.82628	12.39113
961	-39.54257	-15.219754
962	8.8264265	13.791552
963	9.896232	-26.310547
964	-12.130209	-45.400486
965	-4.8960404	-5.7591596
966	-17.595787	-5.5746875
967	-16.22591	35.625603
968	9.265448	-20.929632
969	26.764053	26.049147
970	-12.536664	4.9699707
971	14.08024	22.282238
972	23.16334	18.221386
973	-33.878315	-20.14391
974	-30.95665	-24.022236
975	21.919691	-35.80451
976	24.399635	4.5679955
977	-32.52448	-12.961746
978	27.316147	12.247043
979	0.41970074	24.01853
980	37.756298	-21.25645
981	0.17442147	18.219168
982	1.9807434	14.893435
983	-21.137274	-11.673627
984	8.551422	5.070674
985	15.965703	5.300999
986	-25.049917	-7.839395
987	-14.842033	-25.428497
988	30.152067	27.349825
989	4.3664093	15.630457
990	-23.051252	-9.121876
991	7.3402057	-0.9455965
992	-4.4539227	16.109121
993	5.4472637	10.550189
994	30.378717	-3.770577
995	10.506018	12.986272
996	-29.286577	12.100858
997	-26.668503	-25.369797
998	-31.336748	-17.477463
999	-12.037159	7.7565117
1000	-36.142273	23.21935
1001	-27.57102	-19.473372
1002	-3.5230777	7.1823153
1003	-29.989191	-7.2972445
1004	-32.380856	-21.03073
1005	-24.62562	21.58783
1006	-21.320852	33.961937
1007	3.9521189	-8.690605
1008	18.624651	18.681183
1009	6.6004057	13.399356
1010	3.0810127	3.089824
1011	41.674862	1.914529
1012	-8.8919	3.8798416
1013	29.136545	23.163715
1014	7.7663217	-3.8713617
1015	9.782788	6.9643507
1016	12.679621	11.252723
1017	-22.094805	12.003523
1018	3.2872248	7.3358407
1019	2.354718	27.244394
1020	12.332771	-20.621298
1021	-24.294949	9.1460495
1022	4.625144	-23.057074
1023	40.271584	-3.413264
1024	-16.425978	-11.611976
1025	13.696895	-17.70136
1026	-19.157558	-29.966213
1027	-8.427319	4.724714
1028	4.691107	7.5616536
1029	-14.903897	-30.85475
1030	5.0884438	2.6065493
1031	8.655235	-37.095535
1032	14.972989	10.607737
1033	7.712502	29.277233
1034	10.813344	-18.642904
1035	3.47848	-6.3203864
1036	-0.94905984	-3.706999
1037	-6.6979203	33.392673
1038	15.989349	-21.776752
1039	20.20637	10.893947
1040	-7.232663	8.583783
1041	27.99504	-9.177186
1042	42.35572	2.875588
1043	-26.427784	4.1548185
1044	22.667454	5.0677075
1045	4.710067	-1.5920845
1046	-21.822447	-34.057858
1047	-3.823395	16.639774
1048	2.5322182	2.4672134
1049	-24.493084	-36.132145
1050	7.6045165	2.298507
1051	-9.201328	-24.463055
1052	15.012101	11.647613
1053	10.370255	11.390315
1054	-32.342934	-16.543953
1055	-9.248383	-0.454075
1056	23.8025	8.971129
1057	11.683623	30.702393
1058	9.684376	23.234571
1059	-7.203799	-15.736258
1060	18.071594	2.7865012
1061	-23.832432	19.694
1062	11.540517	-2.905764
1063	-12.617317	3.6646426
1064	16.551365	-14.478901
1065	-18.851982	9.609151
1066	4.0515747	-17.358057
1067	-11.62731	-14.077587
1068	32.922638	32.795128
1069	5.112369	-8.3105755
1070	-8.424167	30.641758
1071	-23.800467	-35.3131
1072	28.002981	25.292433
1073	36.521965	21.02355
1074	-22.288027	-21.676199
1075	32.431824	3.4374406
1076	-28.392332	7.755245
1077	19.956388	24.59431
1078	-9.602242	14.2658
1079	17.908289	-10.231161
1080	15.442136	-22.783323
1081	-29.160017	-9.944929
1082	-8.906631	-10.758706
1083	4.3613605	19.19716
1084	28.07412	10.656551
1085	22.79284	-4.7484927
1086	-17.548765	23.198874
1087	15.840689	30.83374
1088	11.541211	18.236906
1089	17.414003	10.899697
1090	-20.905737	-22.572956
1091	37.08394	11.030898
1092	27.917221	-27.639595
1093	-16.33661	-24.45516
1094	18.734205	10.327168
1095	-18.738585	12.730802
1096	4.123168	-15.566062
1097	-1.8699553	6.060976
1098	28.78056	-1.8571134
1099	-26.105844	-37.534798
1100	8.360444	-16.561249
1101	27.084929	6.389224
1102	3.3431196	2.9435987
1103	-26.092741	-31.008099
1104	22.832077	-4.6685166
1105	30.578173	12.653576
1106	16.05929	16.22024
1107	6.258928	5.891211
1108	14.122574	26.21178
1109	-27.267384	-22.232548
1110	7.6721277	-31.97516
1111	3.2911544	12.914374
1112	6.00511	-22.598738
1113	1.0768496	-5.9775586
1114	6.3467317	25.567533
1115	-17.126781	-0.27562553
1116	8.155376	11.980218
1117	-15.252714	11.304726
1118	9.4754505	15.079263
1119	-8.91442	-2.99832
1120	-17.845465	-14.510375
1121	-4.3813543	43.18981
1122	2.5936408	-1.2872845
1123	15.816148	0.059129607
1124	16.377611	3.4151988
1125	-25.990911	-16.1212
1126	-19.549551	16.856369
1127	18.026821	-2.4617414
1128	0.82924193	5.0943666
1129	-13.047601	-21.667389
1130	8.019402	-22.328821
1131	-11.900699	-19.475529
1132	-6.617044	-5.510039
1133	20.49908	-11.728289
1134	21.230553	42.53614
1135	0.2064756	-25.176876
1136	37.619137	2.6641774
1137	-21.277267	-16.688261
1138	24.949724	-20.843452
1139	23.210703	-17.850643
1140	3.4783602	-6.321222
1141	-13.868727	25.46435
1142	-8.255039	26.55542
1143	-14.648086	1.4981675
1144	23.506687	-22.505043
1145	34.411396	13.33899
1146	4.172264	20.6871
1147	10.895438	17.054943
1148	27.426563	26.70169
1149	14.508811	-26.457205
1150	-16.606384	28.549276
1151	-3.5062623	14.220457
1152	-16.225874	35.62649
1153	13.371057	-5.6222763
1154	-28.265396	-16.273611
1155	-21.024477	-7.4347377
1156	3.6338768	-37.57691
1157	-13.229669	-33.02627
1158	-16.527962	8.294494
1159	-1.7025921	3.4315262
1160	27.475582	10.671593
1161	-38.42282	-17.658192
1162	-21.654633	-31.53958
1163	15.13501	-2.1138146
1164	15.179955	6.512366
1165	0.39707798	19.696241
1166	-11.307211	-7.2402835
1167	11.417001	6.5103984
1168	-0.029779155	9.459673
1169	3.9626193	-27.333311
1170	-13.469202	20.515182
1171	-26.377125	21.119997
1172	27.881344	-6.6473813
1173	-12.292385	-20.524792
1174	-6.7346773	21.989588
1175	10.770699	17.239424
1176	21.230995	42.537247
1177	-41.061962	7.1104603
1178	8.746578	-8.383521
1179	-28.039743	-13.286256
1180	38.809124	-7.3144555
1181	26.87513	2.83899
1182	-2.5152042	11.926781
1183	19.633007	-6.0768695
1184	-20.386076	-1.3983587
1185	-7.7135696	25.877144
1186	-7.1716223	-34.525227
1187	5.8610578	-17.649353
1188	10.579096	8.436393
1189	9.724588	-0.80003387
1190	12.427612	24.684582
1191	-20.68212	-23.968313
1192	-23.066797	-23.139727
1193	-16.995905	22.27326
1194	-25.663641	15.109234
1195	-8.548137	-8.787586
1196	4.425022	1.1661689
1197	12.007274	28.585178
1198	1.9559946	-3.1403995
1199	13.944005	38.937122
1200	-24.002522	-34.136494
1201	-0.70201856	-15.373337
1202	-1.4674621	14.157277
1203	8.579098	10.540017
1204	-24.566023	-38.66399
1205	-21.137989	-11.746857
1206	23.409437	-13.6668415
1207	28.921522	-8.972747
1208	-3.4082942	9.182755
1209	-35.366894	-36.211086
1210	15.135296	-24.373196
1211	-1.2745907	16.087257
1212	30.094038	1.307787
1213	-11.859583	36.846508
1214	-9.235047	12.589936
1215	-30.52528	-18.17551
1216	0.9099512	-0.9099922
1217	-31.153032	11.4796095
